{"cameraMode":{"drawMode":0,"name":"Shaded","section":"Shading Mode"},"sceneLighting":true,"audioPlay":false,"sceneViewState":{"m_AlwaysRefresh":false,"showFog":true,"showSkybox":true,"showFlares":true,"showImageEffects":true,"showParticleSystems":true,"showVisualEffectGraphs":true,"m_FxEnabled":true},"in2DMode":false,"pivot":{"x":-1.0275137424468995,"y":-2.03015398979187,"z":13.273693084716797},"rotation":{"x":-0.1615198403596878,"y":0.030190439894795419,"z":-0.004942263942211866,"w":-0.9863799214363098},"size":12.542186737060547,"orthographic":false}